<?xml version="1.0" encoding="UTF-8" standalone="yes"?>
<addon id="script.navi-x"
       name="Navi-X"
       version="3.8.2.018"
       provider-name="Team Navi-X and TVADDONS.ag">
  <requires>
    <import addon="xbmc.python" version="2.1.0" />
    <import addon="script.module.urlresolver"  />
    <import addon="repository.xbmchub" optional="true" />
    <import addon="plugin.video.youtube" optional="true" />
  </requires>
  <extension point="xbmc.python.script" library="default.py" >
    <provides>executable video</provides>
  </extension>
  <extension point="xbmc.service" library="service.py" start="startup">
  </extension>
  <extension point="xbmc.addon.metadata">
    <platform>all</platform>
    <minversion>28764</minversion>
    <summary>Media Browser Addon for XBMC (Kodi).</summary>
    <description>Navi-X is the oldest and most trusted add-on for XBMC (Kodi), used by millions of people worldwide. You'll find everything from live television to your favourite movies and television shows, easily accessible.</description>
    <disclaimer>http://www.navixtreme.com/terms/</disclaimer>
    <forum>http://forums.tvaddons.ag/forums/38-NAVI-X-MEDIA-BROWSER-FOR-KODI</forum>
    <website>http://www.navixtreme.com/</website>
    <source></source>
    <email></email>
  </extension>
</addon>
